Film Name,Description,Release Date,Director,IMDb Rating,,Websites,
Black Bag,Spy thriller set in the UK (Scheduled release).,"March 14, 2025",Steven Soderbergh,TBD,,MUBI,Login:
Caught Stealing,Crime thriller about a former baseball player plunged into the NYC criminal underworld.,"Aug 29, 2025",Darren Aronofsky,TBD,,Documentary Mania,Login:
Your Friends & Neighbors,Drama series starring Jon Hamm as a hedge fund manager who turns to crime.,"April 11, 2025",Jonathan Tropper (Creator),TBD,,Gaia,Login:
Koker Trilogy,"A series of three films, all set in the Koker region of Iran, that blend fiction and reality. The films are ""Where Is the Friend's Home?"", ""And Life Goes On"", and ""Through the Olive Trees"".",1987-1994,Abbas Kiarostami,N/A (Trilogy),,Amazon Prime,Login:
Kabir Project by Ajab Shehar,"A collection of documentary films and music exploring the 15th-century mystic poet Kabir's philosophy and verses in the contemporary world, through the songs of folk singers.",2003-2009,Shabnam Virmani,N/A (Project),,Netflix,Login:
Ajab shehar - Kabir project,"This refers to the same collection of documentary films and music by Shabnam Virmani exploring the poetry of Kabir in modern India. ""Ajab Shehar"" means ""Strange City.""",2003-2009,Shabnam Virmani,N/A (Project),,Disney Plus,Login:
Parthenope,"The life of a woman named Parthenope is traced from her birth in Naples in 1950 to the present day, exploring her long summer of youth, her loves, and the city's own story.",2024,Paolo Sorrentino,N/A,,Apple TV,Login:
The Agency,"Likely referring to the upcoming film ""The Amateur,"" where a CIA cryptographer blackmails the agency into training him to go after the terrorists who killed his wife.",2025,James Hawes,N/A,,,
Maria,"A biographical drama that follows the final, turbulent days of the legendary opera singer Maria Callas in 1970s Paris as she reflects on her extraordinary life and career.",2024,Pablo Larraín,N/A,,,
The Forest King,"An ambitious young man from a noble family, unable to serve the king due to his short stature, finds his purpose in the forest, learning its secrets and becoming its protector.",2024,Agata Szczerbiak,N/A,,,
Mount Athos documentary,"There are several documentaries about Mount Athos. One is titled ""People of the Holy Mountain"" by Andrei Oprescu, which offers a glimpse into the monastic life on the sacred mountain. Release date and IMDB rating are not readily available.",N/A,Andrei Oprescu,N/A,,,
See in the dark,"Information for a film with this exact title by Dimitri Legrand is not readily available. The provided URL leads to a series by the director, but not a specific film with this title. https://www.dimitrilegrand.com/series-eng",N/A,Dimitri Legrand,N/A,,,
Magneto,"There is no standalone ""Magneto"" film. The character is a central figure in the X-Men film series, portrayed by Ian McKellen and Michael Fassbender, exploring his complex relationship with Professor X and his fight for mutant rights.",N/A,N/A,N/A,,,
Maria (2024),A biographical drama about the final days of the legendary opera singer Maria Callas in 1970s Paris.,"November 27, 2024",Pablo Larraín,N/A,,,
The agency (french film),"A CIA analyst, after a personal tragedy, goes rogue to uncover a conspiracy within the agency. It appears you may be referring to the film 'The Amateur'.","April 11, 2025",James Hawes,N/A,,,
Parthenope,"The life of Parthenope, from her birth in 1950 to the present day, is intertwined with the city of Naples.","February 7, 2025",Paolo Sorrentino,N/A,,,
Dexter,"This is not a film, but the nickname given to the serial killer protagonist, Dexter Morgan, in the TV series Dexter. He is a forensic analyst who secretly hunts and kills other murderers.",2006-2013,Various,8.7/10 (Dexter),,,
Family Man,"An Indian action-thriller series about a middle-class man who secretly works for a special cell of the National Investigation Agency, struggling to balance his family life with his high-stakes job.",2019–Present,Raj & DK,8.7/10,,,
Mad Men (TV Series),"Set in the 1960s, this drama series follows the lives of the advertisers of Madison Avenue, focusing on the mysterious but talented ad executive Don Draper.","July 19, 2007 – May 17, 2015",Various,8.7/10,,,
Shogun,"Historical drama series set in feudal Japan, following an English sailor and a powerful daimyo.","Feb 27, 2024","Rachel Kondo, Justin Marks",8.6/10,,,
Cinema Paradiso,"A famous film director returns to his Sicilian hometown for the funeral of his old friend, the projectionist at the local cinema, and reminisces about his childhood and his love for movies.","November 17, 1988",Giuseppe Tornatore,8.5/10,,,
Samsara (or Baraka),"Non-narrative documentary showcasing breathtaking visuals of human life, spirituality, and the natural world across the globe. Offers deep contemplation and perspective without narrative demands – pure visual immersion.",2011 (1992),Ron Fricke,8.4/10,,,
Ustad Ziauddin from #IndusBlues,"Indus Blues is a documentary that follows several Pakistani folk artists, including Sarinda player Ustad Ziauddin, as they struggle to keep their dying musical traditions alive.",2018,Jawad Sharif,8.3/10,,,
Amelie,"Whimsical French film about finding joy in small things, connecting with others subtly, visually rich and optimistic.",2001,Jean-Pierre Jeunet,8.3/10,,,
Good Will Hunting,"Explores genius, emotional vulnerability, mentorship, therapy, and finding an authentic path beyond pure intellect.",1997,Gus Van Sant,8.3/10,,,
Princess Mononoke,"Epic, complex anime tackling themes of nature vs. humanity, spirituality, transformation, and finding balance amidst conflict. Visually spectacular with profound depth.",1997,Hayao Miyazaki,8.3/10,,,
Eternal Sunshine of the Spotless Mind,"After a painful breakup, a couple undergoes a medical procedure to have each other erased from their memories, but as his memories progressively disappear, the man realizes he's made a terrible mistake.",2004,Michel Gondry,8.3/10,,,
Office Romance,"(Sluzhebnyy roman) Lyrical comedy about a shy statistician trying to woo his strict, workaholic female boss.","Oct 26, 1977",Eldar Ryazanov,8.3/10,,,
Diamond Arm ,(Brilliantovaya ruka) Comedy where an ordinary citizen is mistaken for a smuggler and has jewels hidden in his arm cast.,"April 28, 1969",Leonid Gaidai,8.3/10,,,
Prisoner of the Caucus,"(Kavkazskaya plennitsa) Comedy featuring the student Shurik, who unwittingly aids in the kidnapping of a ""bride"" in the Caucasus mountains.","April 3, 1967",Leonid Gaidai,8.3/10,,,
There Will Be Blood,"A ruthless silver miner turned oil prospector ruthlessly claws his way to wealth during Southern California's oil boom of the late 19th and early 20th centuries, a journey marked by greed, faith, and family.",2007,Paul Thomas Anderson,8.2/10,,,
No Country for Old Men,"While hunting, a man stumbles upon a bloody crime scene, two million dollars, and a ruthless, psychopathic killer who will stop at nothing to recover the money, leading to a cat-and-mouse chase across West Texas.",2007,Joel & Ethan Coen,8.2/10,,,
1917,"WWI drama filmed to look like a continuous shot, following two soldiers delivering a message.","Dec 25, 2019",Sam Mendes,8.2/10,,,
Nostalghia,"A Russian poet and his guide travel through Italy researching an 18th-century composer, but he is overcome by a profound and suffocating sense of homesickness.",1983,Andrei Tarkovsky,8.1/10,,,
Mughal-E-Azam,"An epic historical drama depicting the forbidden love between the Mughal Prince Salim and a court dancer, Anarkali, and the resulting conflict with his imperious father, Emperor Akbar.",1960,K. Asif,8.1/10,,,
My Neighbor Totoro,"Gentle, visually beautiful anime offering comfort, connection to nature, and finding magic in the everyday.",1988,Hayao Miyazaki,8.1/10,,,
Mughal E Azam,"An epic historical drama about the forbidden love between Mughal Prince Salim and a court dancer, Anarkali, and the subsequent conflict with his father, Emperor Akbar.","August 5, 1960",K. Asif,8.1/10,,,
Nostalgia 1983,A Russian writer traveling in Italy to research an 18th-century composer is overcome with a powerful sense of homesickness.,"May 17, 1983",Andrei Tarkovsky,8.1/10,,,
Iron giant,"In the midst of the Cold War, a young boy discovers and befriends a giant alien robot that a paranoid government agent wants to destroy.",1999,Brad Bird,8.1/10,,,
In the Mood for Love,"In 1960s Hong Kong, two neighbors, a journalist and a secretary, form a strong platonic bond after they suspect their respective spouses are having an affair with each other.",2000,Wong Kar-wai,8.1/10,,,
Moscow Don't Believe In Tears,(Moskva slezam ne verit) Academy Award-winning drama following three female friends in Moscow over two decades.,"Feb 11, 1980",Vladimir Menshov,8.1/10,,,
Blade Runner 2049,"Visually stunning and atmospheric exploration of creation, memory, what it means to be human, and finding purpose in a potentially bleak future. Deep questions wrapped in a beautiful, immersive world.",2017,Denis Villeneuve,8.0/10,,,
Akira,"A visually iconic cyberpunk epic exploring power, transformation, societal breakdown, and existential questions. Intense, but with profound underlying themes resonating with Prometheus.",1988,Katsuhiro Otomo,8.0/10,,,
Nausicaä of the Valley of the Wind,"An early Miyazaki masterpiece with stunning visuals. Explores environmental themes, conflict, leadership, spirituality, and humanity's relationship with nature; epic yet thoughtful.",1984,Hayao Miyazaki,8.0/10,,,
Tulsa King,"Series starring Sylvester Stallone as a mafia capo exiled to Tulsa, Oklahoma.","Nov 13, 2022",Taylor Sheridan (Creator),8.0/10,,,
Perfect Days,"A contemplative and gentle film following Hirayama, a man who seems utterly content with his simple life as a cleaner of public toilets in Tokyo, finding joy in music, books, and small moments.",2023,Wim Wenders,7.9/10,,,
The Return,"A stunning and mysterious Russian drama in which two young brothers' lives are upended when their father, a man they only know from a photograph, suddenly reappears after a 12-year absence.",2003,Andrey Zvyagintsev,7.9/10,,,
Perfect Days,"A contemplative and gentle film following Hirayama, a man who seems utterly content with his simple life as a cleaner of public toilets in Tokyo, finding joy in music, books, and the small moments of everyday life.",2023,Wim Wenders,7.9/10,,,
Arrival,"Intellectually stimulating yet deeply emotional sci-fi exploring communication, time, and connection; visually immersive and profound.",2016,Denis Villeneuve,7.9/10,,,
Carlito's Way,"A Puerto Rican ex-convict, just released from prison, pledges to go straight and leave his criminal life behind, but is dragged back into the criminal world by his past connections.","November 12, 1993",Brian De Palma,7.9/10,,,
Perfect Days,"A contemplative film following a toilet cleaner in Tokyo as he goes about his simple, structured life, finding beauty in the everyday.","May 25, 2023",Wim Wenders,7.9/10,,,
Mulholland Drive,"After a car wreck on the winding Mulholland Drive renders a woman amnesiac, she and a perky Hollywood-hopeful search for clues to her identity, uncovering a world of surreal dreams and dark secrets.",2001,David Lynch,7.9/10,,,
A Bronx Tale,"A coming-of-age story in which a young boy in a working-class Italian-American neighborhood is torn between the worlds of his honest, hardworking father and a charismatic local mob boss.",1993,Robert De Niro,7.8/10,,,
On the Silver Globe,"A team of astronauts escape a dystopian Earth and crash-land on a new planet. Years later, their descendants have formed a primitive society, and a new arrival from Earth is hailed as a messiah.",1988,Andrzej Żuławski,7.8/10,,,
Kiki's Delivery Service,"Another comforting Ghibli anime about a young witch finding her place and skills, visually lovely and gently paced.",1989,Hayao Miyazaki,7.8/10,,,
Millennium Actress,"A creatively told story weaving through Japanese history via one actress's memories. Explores identity, purpose, memory, and the search for connection across a lifetime (4/6 resonance).",2001,Satoshi Kon,7.8/10,,,
Taepei Story,"A slow-paced tale of former childhood sweethearts stuck in 1980s Taiwan, exploring the anxieties of a generation pulled between new Western consumerism and old Asian familial obligations.",1985,Edward Yang,7.8/10,,,
The Fall (2006),"In a 1920s Los Angeles hospital, a bedridden stuntman tells a fantastical story to a young immigrant girl with a broken arm, blurring the lines between fiction and reality.","May 30, 2008",Tarsem Singh,7.8/10,,,
On the silver globe,"A team of astronauts crash-land on an Earth-like planet and form a new society. Years later, a lone astronaut arrives and is hailed as a messiah.","May 12, 1988",Andrzej Żuławski,7.8/10,,,
The Last Offer,(The Best Offer) Mystery about an eccentric art auctioneer whose life is overturned by a reclusive heiress.,"Jan 1, 2013",Giuseppe Tornatore,7.8/10,,,
L'Eclisse,Modernist drama about a young woman's affair with an arrogant stockbroker in Rome.,"April 12, 1962",Michelangelo Antonioni,7.8/10,,,
The Banshees of Inisherin,"On a remote island off the coast of Ireland, a simple man is left devastated when his lifelong friend and drinking buddy abruptly decides to end their relationship, with alarming consequences.",2022,Martin McDonagh,7.7/10,,,
And Life Goes On,"The second film in the Koker Trilogy, where a director and his son journey to the region, devastated by an earthquake, to search for the young actors from the first film, ""Where Is the Friend's Home?"".",1992,Abbas Kiarostami,7.7/10,,,
Dreams,"A collection of eight visually stunning and surreal vignettes, based on the actual recurring dreams of the director, Akira Kurosawa, exploring themes of life, death, art, and nature.",1990,Akira Kurosawa,7.7/10,,,
Ptolemy Grey,"The Last Days of Ptolemy Grey is a limited series about a 91-year-old man with dementia who is given a temporary cure, allowing him to investigate the death of his nephew.",2022,Various,7.7/10,,,
Detachment,"A substitute teacher who drifts from classroom to classroom, deliberately avoiding emotional connections, finds himself unexpectedly invested in the lives of his students and colleagues at a failing high school.",2011,Tony Kaye,7.7/10,,,
Gattaca,"Thoughtful sci-fi about identity, destiny, overcoming perceived limitations, and the resilience of the human spirit. Understated, character-driven, with a quiet intensity.",1997,Andrew Niccol,7.7/10,,,
Paprika,"A visually dazzling and surreal journey into dreams, reality, and the subconscious. Explores identity and perception in a highly imaginative, thought-provoking way (for the ENTP mind).",2006,Satoshi Kon,7.7/10,,,
The banshees of inisherin,"On a remote island off the coast of Ireland, a man is devastated when his lifelong friend abruptly ends their relationship, leading to escalating and alarming consequences.","October 21, 2022",Martin McDonagh,7.7/10,,,
The Kite Runner,"After settling in America, a man from a wealthy Afghan family returns to his war-torn homeland to rescue the son of his childhood friend, confronting a dark secret from his past.",2007,Marc Forster,7.6/10,,,
The Secret World of Arrietty,"The Clock family are four-inch-tall ""borrowers"" who live anonymously in another family's home, but their lives are changed when their daughter, Arrietty, is discovered by a human boy.",2010,Hiromasa Yonebayashi,7.6/10,,,
Pushpa: The Rise,"A coolie named Pushpa rises through the ranks of a red sandalwood smuggling syndicate, making powerful enemies as his ambition and dominance grow.",2021,Sukumar,7.6/10,,,
A Heart in Winter,"A talented violin restorer and his business partner's relationship is disrupted when the partner's lover, a beautiful concert violinist, falls for the emotionally detached restorer.","September 2, 1992",Claude Sautet,7.6/10,,,
Pushpa: the rise,"A laborer rises through the ranks of a red sandalwood smuggling syndicate, making enemies along the way.","December 17, 2021",Sukumar,7.6/10,,,
A Time for Drunken Horses,"Set in a Kurdish village on the Iran-Iraq border, a group of orphaned siblings, led by the eldest boy, Ayoub, take on dangerous smuggling work to pay for their disabled brother's crucial surgery.",2000,Bahman Ghobadi,7.5/10,,,
Contact,"Explores the search for meaning, connection, and truth on a cosmic scale, balancing science and faith/wonder. Offers intellectual stimulation and a sense of awe.",1997,Robert Zemeckis,7.5/10,,,
Patlabor 2: The Movie,"From the director of Ghost in the Shell. A more subdued political thriller focusing on philosophical questions about peace, war, and societal control, with a mature, atmospheric tone.",1993,Mamoru Oshii,7.5/10,,,
The Secret of NIMH,Animated fantasy about a field mouse seeking the aid of a colony of rats to save her son.,"July 2, 1982",Don Bluth,7.5/10,,,
The Consequences of Love,Psychological thriller about a lonely man living in a Swiss hotel with a dark secret.,"Sept 24, 2004",Paolo Sorrentino,7.5/10,,,
K-Pax,"A mysterious patient named Prot, who claims to be an alien from the planet K-PAX, arrives at a psychiatric institute, causing the staff and patients to question his origins and their own realities.",2001,Iain Softley,7.4/10,,,
Law Abiding Citizen,"After a plea bargain frees one of his family's murderers, a brilliant strategist orchestrates a series of deadly attacks from his jail cell, targeting the flawed justice system he holds responsible.",2009,F. Gary Gray,7.4/10,,,
Law abiding citizen,"A man takes justice into his own hands after a plea bargain sets one of his family's killers free, targeting not only the killer but the entire justice system.","October 16, 2009",F. Gary Gray,7.4/10,,,
Challengers,"A professional tennis player, now a coach, signs her husband up for a challenger event where he finds himself competing against his former best friend and her ex-boyfriend.","April 26, 2024",Luca Guadagnino,7.4/10,,,
Moonlight,"A timeless story of human connection and self-discovery, chronicling the life of a young Black man from childhood to adulthood as he grapples with his identity, masculinity, and sexuality in Miami.",2016,Barry Jenkins,7.4/10,,,
Monthly House,"A South Korean drama about a real estate magazine editor who, despite her experience, is homeless, and her cantankerous CEO who sees property only as an investment.",2021,Lee Chang-min,7.3/10,,,
The Nice Guys,"In 1970s Los Angeles, a mismatched pair of a private eye and a hired enforcer team up to investigate the case of a missing girl and the seemingly unrelated death of a porn star.",2016,Shane Black,7.3/10,,,
Conclave,"Following the death of the Pope, Cardinal Lawrence is tasked with overseeing the secretive Vatican conclave to elect a successor, only to uncover a conspiracy that could shake the foundations of the Church.",2024,Edward Berger,7.3/10,,,
Triangle of Sadness,"A celebrity model couple are invited on a luxury cruise for the super-rich, but things go catastrophically wrong when a storm hits, leaving the survivors stranded on a deserted island.",2022,Ruben Östlund,7.3/10,,,
Paddington / Paddington 2,"Incredibly warm, funny, and kind films about finding family, acceptance, and doing good; pure comfort viewing.",2014 / 2017,Paul King,7.3/10,,,
Chef,"Feel-good journey of rediscovering passion, creativity, and connection after burnout; satisfying and inspiring.",2014,Jon Favreau,7.3/10,,,
The Secret Life of Walter Mitty,"Visually stunning adventure about breaking routine, finding courage, and embracing life's potential; uplifting and escapist.",2013,Ben Stiller,7.3/10,,,
Monthly House,A South Korean drama about a man who buys houses and a woman who lives in one. Their lives intertwine as they navigate the world of real estate and romance.,"June 16, 2021",Lee Chang-min,7.3/10,,,
WeCrashed,Miniseries following the rise and fall of WeWork and the narcissism of its founders.,"March 18, 2022","John Requa, Glenn Ficarra",7.3/10,,,
Youth,Drama about a retired orchestra conductor and a film director vacationing in the Alps.,"Dec 4, 2015",Paolo Sorrentino,7.3/10,,,
The Hand of God,"A coming-of-age story set in 1980s Naples, following a young boy's joy and tragedy.","Dec 15, 2021",Paolo Sorrentino,7.3/10,,,
A Million Miles Away,"Biopic of José Hernández, a migrant farm worker who becomes a NASA astronaut.","Sept 15, 2023",Alejandra Márquez Abella,7.3/10,,,
The Fountain,"Visually symbolic and non-linear meditation on love, death, immortality, and transformation across time. Emotionally resonant in an archetypal way.",2006,Darren Aronofsky,7.2/10,,,
Swingers,"A group of single, unemployed actors navigate the dating scene and nightlife in 1990s Los Angeles during the swing revival.","October 18, 1996",Doug Liman,7.2/10,,,
L'Magnifique,French spy comedy spoof about a writer who inserts himself into his own novels.,"Nov 29, 1973",Philippe de Broca,7.2/10,,,
SEMA - A Journey Into Rumi & The Whirling Dervishes of Turkey,"A documentary exploring the mystical Sufi ritual of Sema, the physically active meditation practiced by the Whirling Dervishes, and its connection to the poet Rumi.",2017,Fatih Cimok,7.1/10,,,
The French Dispatch,"A collection of stories from the final issue of a fictional American magazine based in a 20th-century French city, bringing to life the publication's most eccentric and beloved articles.",2021,Wes Anderson,7.1/10,,,
The Mansion in Chess of the Wind,"An Iranian film, long thought lost, about the conflicts that arise within a wealthy family following the death of their matriarch, as they vie for control of the inheritance. The title is often translated as ""Chess of the Wind"".",1976,Mohammad Reza Aslani,7.0/10,,,
It Must Be Heaven,Comedy where the director travels the world finding parallels to his homeland of Palestine.,"Oct 4, 2019",Elia Suleiman,7.0/10,,,
Radio,"The true story of the unlikely friendship between a high school football coach and a young man with an intellectual disability, nicknamed ""Radio,"" who transforms the team and the town.",2003,Michael Tollin,6.9/10,,,
Atlantis: The Lost Empire,"A young linguist and cartographer joins an expedition to find the lost city of Atlantis, a mythical kingdom believed to be hidden deep in the sea.","June 15, 2001","Gary Trousdale, Kirk Wise",6.9/10,,,
Everybody knows,"A woman's trip to her Spanish hometown for her sister's wedding turns into a nightmare when her daughter is kidnapped, revealing long-buried family secrets.","February 8, 2019",Asghar Farhadi,6.9/10,,,
The Transporter,"A former Special Forces operator works as a high-priced ""transporter"" for hire, moving goods with no questions asked. His disciplined life is thrown into chaos when he breaks his own rule and opens a package.",2002,Louis Leterrier & Corey Yuen,6.8/10,,,
The Ministry of Ungentlemanly Warfare,Action comedy about a top-secret WWII combat unit formed by Winston Churchill.,"April 19, 2024",Guy Ritchie,6.8/10,,,
Three thousand years of longing,"A lonely and pragmatic scholar on a trip to Istanbul encounters a Djinn who offers her three wishes in exchange for his freedom, leading to a profound conversation that spans millennia.",2022,George Miller,6.7/10,,,
Warm Winter Night,(Laylat Shitaa Dafi'a) Egyptian romantic drama about a wealthy woman running from an arranged marriage.,"Aug 30, 1981",Ahmed Fouad,6.7/10,,,
Hamdardi,"A 1953 Bollywood film in which a kind, wealthy man who helps those in need falls for a girl from a poor family, leading to various dramatic twists.",1953,H. S. Rawail,6.6/10,,,
The Man in the Iron Mask,The cruel King Louis XIV of France has a secret twin brother whom he keeps imprisoned in an iron mask. The legendary Three Musketeers plot to replace the tyrant with his gentler twin.,1998,Randall Wallace,6.5/10,,,
I Saw the TV Glow,"A teenager's life is upended when a classmate introduces him to a mysterious late-night TV show. After its abrupt cancellation, the boundary between television and reality begins to blur.",2024,Jane Schoenbrun,6.5/10,,,
Under the silver lake,A disillusioned young man embarks on a surreal and mysterious quest to find a woman who has vanished from his apartment complex.,"April 19, 2019",David Robert Mitchell,6.5/10,,,
From Paris with Love,"A low-level CIA employee working in Paris teams up with a hot-headed, trigger-happy, and unpredictable senior agent to stop a terrorist attack in the city.",2010,Pierre Morel,6.4/10,,,
Magazine Dreams,Drama about an aspiring bodybuilder who pushes his body to the limit.,"March 21, 2025",Elijah Bynum,6.4/10,,,
The Sicilian,"Based on Mario Puzo's novel, the film follows Salvatore Giuliano, a charismatic bandit who, in post-WWII Sicily, dreams of liberating his homeland from Italian rule and making it an American state.",1987,Michael Cimino,6.2/10,,,
Man of Wrath,"An ex-cop with a violent past becomes a driver for an illegal import/export business, leading him into a dangerous criminal underworld. This is the South Korean title for the film ""Running Man"".",2016,Jo Dong-oh,6.2/10,,,
My Fault (Spanish version),(Culpa mía) Romance where a young woman falls for her wealthy new stepbrother.,"June 8, 2023",Domingo González,6.2/10,,,
Next,A Las Vegas magician who can see into the future is pursued by FBI agents seeking to use his abilities to prevent a nuclear terrorist attack.,"April 27, 2007",Lee Tamahori,6.1/10,,,
Automata,Sci-fi thriller about an insurance agent investigating robots violating their protocols.,"Oct 17, 2014",Gabe Ibáñez,6.0/10,,,
Chain Reaction,"Two researchers in a physics lab are framed for murder and treason after they discover a new form of clean, limitless energy, forcing them to go on the run from the FBI.",1996,Andrew Davis,5.8/10,,,
Gods of Egypt,"In ancient Egypt, a mortal hero, Bek, teams up with the god Horus in an alliance against Set, the merciless god of darkness, who has usurped Egypt's throne.",2016,Alex Proyas,5.4/10,,,
Viking,"A historical action film based on the medieval Primary Chronicle, depicting the story of Vladimir the Great, a young prince who must conquer his treacherous half-brothers to unite his people.",2016,Andrei Kravchuk,5.3/10,,,
Legion,Action horror where the Archangel Michael defends humanity against a legion of angels.,"Jan 22, 2010",Scott Stewart,5.3/10,,,
Full Metal Alchemist,Live-action adaptation of the manga about alchemist brothers searching for the Philosopher's Stone.,"Dec 1, 2017",Fumihiko Sori,5.3/10,,,
The Godfather,"An epic saga of power, loyalty, and crime, following the rise and fall of a mafia family in America.",1972,Francis Ford Coppola,9.2,,,
Schindler's List,"A powerful historical drama recounting the real-life efforts of Oskar Schindler to save Jews during the Holocaust, blending humanity and tragedy.",1993,Steven Spielberg,9,,,
The Dark Knight,"A dark, action-packed superhero film where Batman battles the Joker, delving into chaos, morality, and the psychological complexity of heroism.",2008,Christopher Nolan,9,,,
Pulp Fiction,"A non-linear, genre-defining crime film weaving together interconnected stories, full of dark humor, violence, and pop culture references.",1994,Quentin Tarantino,8.9,,,
Fight Club,"A psychological drama where an office worker forms an underground fight club, challenging societal norms, masculinity, and self-destruction.",1999,David Fincher,8.8,,,
Lord of the Rings,An epic fantasy saga following the journey of a hobbit and his companions to destroy a powerful ring and confront dark forces.,2001,Peter Jackson,8.8,,,
Inception,"A mind-bending thriller where a team of thieves enter dreams to plant ideas, exploring layers of consciousness and memory manipulation.",2010,Christopher Nolan,8.8,,,
Goodfellas,"A gritty, thrilling portrayal of life in the mafia, chronicling the rise and fall of a mobster in New York City.",1990,Martin Scorsese,8.7,,,
Casablanca,"A timeless romance set during World War II, where a nightclub owner must choose between love and duty.",1942,Michael Curtiz,8.5,,,
Cinema Paradiso,"A nostalgic ode to cinema, following a young boy’s friendship with a film projectionist and his lifelong love for movies.",1988,Giuseppe Tornatore,8.5,,,
The Venture Brothers,"An animated action-comedy following a dysfunctional family of superheroes on various misadventures, parodying comic book tropes.",2003,"Jackson Publick, Doc Hammer",8.5,,,
Whiplash,"A tense, intense drama about a young drummer’s obsession with achieving greatness, clashing with his ruthless music instructor’s demands.",2014,Damien Chazelle,8.5,,,
Parasite,"A darkly comedic thriller about a poor family scheming their way into the lives of a wealthy family, unraveling the stark divide between social classes.",2019,Bong Joon-ho,8.5,,,
Memento,"A mind-bending thriller told in reverse, following a man with short-term memory loss trying to find his wife’s killer.",2000,Christopher Nolan,8.4,,,
They Shall Not Grow Old,"A visually restored World War I documentary using real footage, giving a vivid and poignant portrayal of the soldiers’ experiences during the war.",2018,Peter Jackson,8.4,,,
Past Lives,"A tender romance spanning decades, following two childhood friends as they reconnect and reflect on how their lives diverged across continents and cultures.",2023,Celine Song,8.4,,,
A Separation,A powerful drama about the complexities of family and justice.,2011,Asghar Farhadi,8.3,,,
Children of Heaven,A touching story of a boy who loses his sister’s shoes.,1997,Majid Majidi,8.3,,,
Close-Up,"A masterful blend of fiction and reality, where a man impersonates a filmmaker, blurring the line between truth and performance.",1990,Abbas Kiarostami,8.2,,,
Unforgiven,"A revisionist Western where an aging gunslinger seeks redemption for his violent past, questioning morality and justice.",1992,Clint Eastwood,8.2,,,
The Truman Show,"A satirical drama about a man who discovers his entire life is a carefully constructed reality show, raising questions about free will and media control.",1998,Peter Weir,8.2,,,
The Wolf of Wall Street,"A high-octane biopic of Jordan Belfort, chronicling his rise and fall in the world of stock market corruption, excess, and debauchery.",2013,Martin Scorsese,8.2,,,
Winter Sleep,A slow-burn Turkish drama about a retired actor grappling with personal failures and societal tensions in a remote Anatolian hotel.,2014,Nuri Bilge Ceylan,8.2,,,
The Good Place,"A philosophical comedy where a woman mistakenly sent to the ""Good Place"" after death tries to hide her past, delving into moral philosophy and ethics.",2016,Michael Schur,8.2,,,
Green Book,A heartwarming yet complex road-trip film where a Black pianist and his white driver form an unlikely friendship during a tour through the 1960s American South.,2018,Peter Farrelly,8.2,,,
Gaia Human History Documentary,"A visually stunning environmental documentary exploring the deep history of human civilization and its impact on the planet, offering an eco-conscious perspective.",2023,Gaia,8.2,,,
Close-Up,A documentary-drama blending fiction and reality.,1990,Abbas Kiarostami,8.2,,,
The Color of Paradise,A blind boy’s relationship with his father and nature.,1999,Majid Majidi,8.2,,,
Persona,An intense psychological drama where identity and reality blur between an actress and her nurse.,1966,Ingmar Bergman,8.1,,,
Where Is the Friend's House?,"A poetic Iranian film about a young boy searching for his friend's house to return a notebook, reflecting human kindness and persistence.",1987,Abbas Kiarostami,8.1,,,
The Cow,A man’s descent into madness after his beloved cow disappears.,1969,Dariush Mehrjui,8.1,,,
Life of Brian,"A satire on religion and politics, following the life of a man born on the same day as Jesus, mistaken for the Messiah.",1979,Terry Jones,8,,,
Simulated Experience (Ghost in the Shell),"A cyberpunk anime exploring the nature of identity in a technologically advanced world, where artificial intelligence blurs the human experience.",1995,Mamoru Oshii,8,,,
Taste of Shirin,"A contemplative Iranian film that delves into the nuances of the female experience, blurring the line between fiction and reality through the perspective of women in society.",2008,Abbas Kiarostami,8,,,
Friday Night Dinner,A British comedy series centered around the eccentric family dynamics and chaotic dinners shared by two brothers and their parents.,2011,Robert Popper,8,,,
The Perks of Being a Wallflower,A coming-of-age story about an introverted teenager who finds friendship and love while confronting trauma and growing up.,2012,Stephen Chbosky,8,,,
Her,"A futuristic romance where a man falls in love with his operating system, exploring themes of artificial intelligence, loneliness, and connection.",2013,Spike Jonze,8,,,
La La Land,"A vibrant, bittersweet musical about two aspiring artists whose romantic relationship is tested by their divergent dreams and ambitions in Los Angeles.",2016,Damien Chazelle,8,,,
Bladerunner 2049,"A visually stunning sci-fi sequel where a blade runner uncovers a secret that could reshape the future, exploring identity, humanity, and artificial life.",2017,Denis Villeneuve,8,,,
L'Eclisse,"An exploration of alienation and emotional disconnection amidst modern life, as characters navigate their fractured relationships.",1962,Michelangelo Antonioni,7.9,,,
World on a Wire,"A sci-fi tale that questions reality and identity, set in a dystopian future where a virtual world may be manipulated.",1973,Rainer Werner Fassbinder,7.9,,,
The Song of Sparrows,A man’s simple life is transformed after a series of events.,2008,Majid Majidi,7.9,,,
The House is Black,A short documentary about a leper colony in Iran.,1963,Forough Farrokhzad,7.9,,,
About Elly,A mysterious disappearance during a group holiday in northern Iran.,2009,Asghar Farhadi,7.9,,,
L'Avventura,A mysterious journey through loss and alienation as a woman disappears during a Mediterranean island trip.,1960,Michelangelo Antonioni,7.8,,,
A Bronx Tale,"A coming-of-age crime drama set in 1960s New York, where a boy is torn between the values of his father and the allure of the mob.",1993,Robert De Niro,7.8,,,
Through the Olive Trees,"A meditative film about the complexities of love and filmmaking, following a director as he tries to capture authenticity amid life’s ambiguities.",1994,Abbas Kiarostami,7.8,,,
The Wind Will Carry Us,"A poetic Iranian film about a filmmaker visiting a rural village for a funeral, blending existential themes with everyday life’s rhythms.",1999,Abbas Kiarostami,7.8,,,
The Lunchbox,"A touching romantic drama set in Mumbai, where a mistaken lunchbox delivery sparks an epistolary relationship between two strangers.",2013,Ritesh Batra,7.8,,,
Manchester by the Sea,"A heart-wrenching drama about a man returning to his hometown after a family tragedy, forced to confront his painful past and the limits of redemption.",2016,Kenneth Lonergan,7.8,,,
A Hero,"An Iranian drama about a man who faces moral dilemmas after being temporarily released from prison, exploring themes of honor, deception, and society’s judgment.",2021,Asghar Farhadi,7.8,,,
The Salesman,A couple’s relationship unravels after a traumatic incident.,2016,Asghar Farhadi,7.8,,,
The Report,A politically charged Iranian film depicting the consequences faced by an idealistic man standing against corruption.,1977,Abbas Kiarostami,7.7,,,
Taste of Cherry,"A contemplative Iranian film about a man driving through the countryside, seeking someone to bury him after his planned suicide, exploring existential themes.",1997,Abbas Kiarostami,7.7,,,
Dark City,A mind-bending sci-fi noir where a man with amnesia navigates a city controlled by mysterious beings who can manipulate reality.,1998,Alex Proyas,7.7,,,
Waking Life,"An animated philosophical exploration of life, dreams, and consciousness, where a man drifts through a series of thought-provoking conversations.",2001,Richard Linklater,7.7,,,
The Machinist,"A dark psychological thriller where an insomniac factory worker suffers from hallucinations, unraveling a haunting mystery tied to his mental state.",2004,Brad Anderson,7.7,,,
Zodiac,"A tense thriller based on the real-life hunt for the Zodiac Killer, exploring obsession, mystery, and journalistic investigation.",2007,David Fincher,7.7,,,
Detachment,"A powerful drama about a disillusioned teacher navigating a broken educational system while trying to connect with students, exposing personal and societal wounds.",2011,Tony Kaye,7.7,,,
The Great Beauty,"A visually stunning meditation on life’s beauty and emptiness, centered on an aging writer reflecting on his life in Rome’s elite circles.",2013,Paolo Sorrentino,7.7,,,
Birdman,"A darkly comedic exploration of a washed-up actor’s mental breakdown as he attempts a Broadway comeback, blurring lines between reality and fantasy.",2014,Alejandro González Iñárritu,7.7,,,
54 Hours: Gladbeck Hostage,"A tense, real-life hostage drama recounting the infamous 1988 Gladbeck hostage crisis in Germany, portraying the terror and media frenzy surrounding the event.",2018,Kilian Riedhof,7.7,,,
Aftersun,"A contemplative drama about a father and daughter on a holiday, reflecting on their bond and the memories of childhood as the daughter grows older.",2022,Charlotte Wells,7.7,,,
Poor Things,"A darkly comedic and visually whimsical film where a young woman, brought back to life by a scientist, navigates a strange and chaotic world, exploring identity and autonomy.",2023,Yorgos Lanthimos,7.7,,,
Taste of Cherry,"A man drives through Tehran, searching for someone to bury him.",1997,Abbas Kiarostami,7.7,,,
Sabrina,A charming story of a chauffeur's daughter who transforms and captures the attention of two wealthy brothers.,1954,Billy Wilder,7.6,,,
The Traveler,An Iranian neorealist film about a young boy’s journey and observations of life's hardships and human nature.,1974,Abbas Kiarostami,7.6,,,
"Life, and Nothing More...","A reflective film set in post-earthquake Iran, as a man searches for two young boys, meditating on life’s fragility and resilience.",1992,Abbas Kiarostami,7.6,,,
A Heart in Winter,"A French romantic drama about a violin maker’s unspoken love for his friend’s lover, exploring themes of emotional restraint and passion.",1992,Claude Sautet,7.6,,,
Lost Highway,"A dark, surreal journey through fragmented reality, as a man is caught between different dimensions and psychological distortions.",1997,David Lynch,7.6,,,
Lord of War,A crime drama about an arms dealer's rise and moral struggles in the global trade of illegal weapons.,2005,Andrew Niccol,7.6,,,
"Synecdoche, New York","A surreal, existential drama where a theater director’s life unravels as he builds a life-size replica of New York City, exploring mortality and identity.",2008,Charlie Kaufman,7.6,,,
The Social Dilemma,"A documentary examining the dangerous impact of social media on society, particularly its effects on mental health, democracy, and individual autonomy.",2020,Jeff Orlowski,7.6,,,
DOSED (Documentary),"A documentary about the healing potential of psychedelics in treating addiction, anxiety, and mental health issues, blending personal stories and scientific research.",2023,Tyler Chandler,7.6,,,
The Wind Will Carry Us,A filmmaker journeys to a remote village for a burial.,1999,Abbas Kiarostami,7.6,,,
Eyes Wide Shut,"A mysterious psychological thriller where a man delves into a secret society, exploring themes of sexuality, power, and marital discord.",1999,Stanley Kubrick,7.5,,,
The Holdovers,"A bittersweet comedy-drama about a strict boarding school teacher left in charge of students during the holidays, forming unexpected connections with them.",2023,Alexander Payne,7.5,,,
This is Not a Film,A filmmaker documents his life under house arrest.,2011,Jafar Panahi,7.5,,,
La Collectionneuse,A contemplative French New Wave film about relationships and a young woman’s detachment as she moves between lovers.,1967,Éric Rohmer,7.4,,,
A Wedding Suit,"A poignant tale of class and ambition as three boys save money to rent a suit for a special occasion, only to face life's challenges.",1976,Abbas Kiarostami,7.4,,,
Marathon Man,A tense thriller about a student drawn into a web of conspiracy and danger as he uncovers dark secrets behind his family’s past.,1976,John Schlesinger,7.4,,,
The White Balloon,A young girl embarks on a quest to buy a goldfish.,1995,Jafar Panahi,7.4,,,
The Circle,A critique of the oppression of women in Iranian society.,2000,Jafar Panahi,7.4,,,
Ten,"A woman drives around Tehran, conversing with different passengers.",2002,Abbas Kiarostami,7.4,,,
Gheysar ,"A gritty Iranian revenge story where a man seeks justice for the murder of his brother, set against moral and social tensions.",1969,Masoud Kimiai,7.3,,,
ABC Africa,"A documentary following filmmakers as they explore Uganda’s AIDS epidemic, highlighting the struggles and resilience of families.",2001,Abbas Kiarostami,7.3,,,
Ten,"An Iranian film where a female taxi driver converses with her passengers, discussing gender roles, identity, and personal freedom.",2002,Abbas Kiarostami,7.3,,,
Five,"A minimalist Iranian film composed of five long takes, observing the quiet beauty and rhythms of nature and human life.",2003,Abbas Kiarostami,7.3,,,
Certified Copy,"A philosophical romance where an Englishman and a Frenchwoman debate love and authenticity while traveling through Tuscany, blurring reality and fiction.",2010,Abbas Kiarostami,7.3,,,
Ultron,"A sci-fi action film where the Avengers battle the rogue AI Ultron, delving into themes of technology, destruction, and heroism.",2015,Joss Whedon,7.3,,,
Youth,"A visually rich meditation on aging and memory, where two old friends, a composer and a filmmaker, reflect on their lives during a stay at a luxury hotel.",2015,Paolo Sorrentino,7.3,,,
Taxi,A candid glimpse into the lives of Tehran’s citizens from a taxi.,2015,Jafar Panahi,7.3,,,
Crimson Gold,A pizza delivery man is driven to despair by social inequality.,2003,Jafar Panahi,7.3,,,
Offside,Girls in Iran attempt to attend a soccer match disguised as boys.,2006,Jafar Panahi,7.3,,,
They Live,"A sci-fi horror film where a man discovers sunglasses that reveal a hidden reality controlled by aliens, critiquing consumerism and authority.",1988,John Carpenter,7.2,,,
Kingdom of Heaven,"A historical epic set during the Crusades, following a young knight who rises to defend Jerusalem, grappling with faith and leadership.",2005,Ridley Scott,7.2,,,
Half Nelson,A powerful drama about a middle school teacher struggling with addiction while forming a bond with one of his students.,2006,Ryan Fleck,7.2,,,
Kaili Blues,"A poetic, dreamlike film from China, blending time and memory as a doctor searches for his missing brother, reflecting on loss and destiny.",2015,Bi Gan,7.2,,,
Shirin,"An experimental Iranian film that focuses entirely on women watching a film, with their reactions revealing complex emotions and untold stories.",2008,Abbas Kiarostami,7.1,,,
Little Lies,A psychological thriller where a woman’s seemingly perfect life begins to unravel as hidden truths and deceptions come to light.,2019,Jean-Paul Civeyrac,7.1,,,
Free Guy,A lighthearted action-comedy where a video game NPC gains self-awareness and decides to break free from his programmed life to become a hero.,2021,Shawn Levy,7.1,,,
The Greatest Reset,"A conspiracy-laden documentary examining global political and societal shifts, discussing the need for fundamental change in the world order.",2022,Pierre Corbin,7.1,,,
Like Someone in Love,"A quiet, contemplative film about a young Japanese escort and her relationship with an elderly man, exploring loneliness and unexpected intimacy.",2012,Abbas Kiarostami,7,,,
Darwish: A Soldier Dreams of White Lilies,"A poetic film about the thoughts and dreams of a Palestinian soldier, reflecting on life, loss, and the longing for peace and beauty amidst conflict.",2014,Subhi Hadidi,7,,,
The Apple,Two sisters experience freedom for the first time after being confined.,1998,Samira Makhmalbaf,7,,,
The Deserted Station,A photographer and his wife are stranded in a remote village.,2002,Alireza Raisian,7,,,
Atlantis: The Lost Empire,A Disney animated adventure about a young explorer and his team on a journey to discover the legendary lost city of Atlantis.,2001,"Gary Trousdale, Kirk Wise",6.9,,,
Enemy,"A surreal psychological thriller where a man encounters his exact double, unraveling his perception of reality and identity.",2013,Denis Villeneuve,6.9,,,
A Ghost Story,"A meditative, haunting tale about love, loss, and time, where a ghost observes the passage of time and the lives of those he left behind.",2017,David Lowery,6.9,,,
At Eternity's Gate,"A deeply emotional biopic about Vincent van Gogh’s later years, capturing his artistic genius, mental struggles, and spiritual connection to the world around him.",2018,Julian Schnabel,6.9,,,
Under the Shadow,A supernatural horror film set during the Iran-Iraq war.,2016,Babak Anvari,6.9,,,
Homework,"A documentary-style look at Iranian schoolchildren and the pressures they face during their education, exposing societal expectations.",1989,Abbas Kiarostami,6.8,,,
Demolition Man,"A satirical sci-fi action film set in a dystopian future where a cryogenically frozen cop must stop a crime lord, blending action and humor.",1993,Marco Brambilla,6.7,,,
Don Juan DeMarco,"A whimsical romance where a young psychiatrist helps a patient who believes he is the legendary lover Don Juan, exploring fantasy and reality.",1994,Jeremy Leven,6.7,,,
The Good Shepherd,"A spy drama about the early years of the CIA, focusing on the personal costs of espionage and moral ambiguity in the Cold War era.",2006,Robert De Niro,6.7,,,
Loro,"A satirical drama following Italy’s media mogul Silvio Berlusconi as he navigates power, decadence, and political intrigue in the midst of a lavish lifestyle.",2018,Paolo Sorrentino,6.7,,,
24 Frames,"A unique cinematic experience where the director uses still frames to explore the relationship between art and time, offering a meditation on life’s fleeting moments.",2017,Abbas Kiarostami,6.6,,,
First Graders,"A touching Iranian documentary exploring the first day of school for children, capturing their innocence and anxieties.",1984,Abbas Kiarostami,6.5,,,
The Hero,"A reflective drama about an aging Western movie star grappling with his fading fame, mortality, and finding meaning in the last chapter of his life.",2017,Brett Haley,6.5,,,
White Boy Rick,A crime drama based on the true story of a teenage boy who becomes an FBI informant while getting involved in Detroit’s drug trade in the 1980s.,2018,Yann Demange,6.5,,,
He's Just Not That Into You,A romantic comedy following several interconnected characters as they navigate the confusing world of relationships and modern dating.,2009,Ken Kwapis,6.4,,,
James Bond: Die Another Day,"A high-octane James Bond film where the spy uncovers a North Korean plot involving a deadly space weapon, featuring thrilling action and gadgets.",2002,Lee Tamahori,6.1,,,
Sunrise in Heaven,"A heartwarming romance about a young woman’s relationship with an airman, tested by life-changing events.",2019,Waymon Boone,6.1,,,
Mr. Deeds,"A light-hearted comedy where a small-town man inherits a fortune and brings his simple ways to New York City, shaking things up.",2002,Steven Brill,5.8,,,
What the Bleep Do We Know? (Documentary),"A documentary that blends science, spirituality, and philosophy, exploring the nature of reality and human perception through quantum physics.",2004,"William Arntz, Betsy Chasse, Mark Vicente",5.5,,,
El Cantante,"A musical biopic chronicling the life and career of Hector Lavoe, the Puerto Rican salsa singer, highlighting his rise to fame and personal struggles.",2006,Leon Ichaso,5.5,,,
Rock the Kasbah,"A comedic adventure about a washed-up music manager who finds a talented Afghan singer and helps her rise to fame, set against a chaotic political backdrop.",2015,Barry Levinson,5.5,,,